Date,Platform,Post ID,Post Type,Reach,Impressions,Likes,Comments,Shares,Clicks,Followers,CTR (%)
08-06-2025,Facebook,FA5543,Link,16540,19024,520,81,45,275,19269,1.45
02-06-2025,Twitter,TW5451,Tweet,13502,15311,657,40,27,127,21788,0.83
18-06-2025,LinkedIn,LI4505,Post,9052,11251,408,104,79,288,24812,2.56
16-06-2025,Instagram,IN7883,Reel,14381,17273,684,25,58,294,18096,1.7
15-06-2025,Twitter,TW7389,Thread,14865,17569,582,76,72,162,22471,0.92
09-06-2025,LinkedIn,LI1475,Article,14371,16247,542,123,31,289,20091,1.78
07-06-2025,Instagram,IN1444,Story,9375,11630,269,138,33,75,22262,0.64
05-07-2025,LinkedIn,LI4467,Article,15449,17287,372,117,45,265,22133,1.53
06-06-2025,Instagram,IN1317,Story,16837,17550,687,109,38,382,19124,2.18
08-07-2025,Instagram,IN5051,Reel,11266,11849,518,59,40,114,25758,0.96
28-06-2025,Instagram,IN4571,Image,15619,17168,592,114,31,360,27949,2.1
03-06-2025,Instagram,IN6096,Reel,9771,12641,213,99,58,253,29714,2
02-06-2025,Facebook,FA4978,Video,9669,11404,635,50,15,227,26728,1.99
06-06-2025,LinkedIn,LI2129,Article,16289,18186,206,127,72,104,25102,0.57
14-06-2025,Twitter,TW3506,Thread,15135,16356,575,89,78,297,25616,1.82
15-06-2025,LinkedIn,LI6280,Article,12022,12876,342,135,41,287,27336,2.23
03-07-2025,LinkedIn,LI1470,Article,16098,17929,293,144,37,231,31071,1.29
09-07-2025,Twitter,TW5581,Thread,17767,19398,484,22,76,147,19402,0.76
02-06-2025,Facebook,FA7658,Link,16004,18778,588,81,70,380,29662,2.02
06-07-2025,LinkedIn,LI1282,Article,9524,11229,313,123,41,206,28878,1.83
13-06-2025,Twitter,TW9698,Thread,13632,15874,581,104,55,282,22438,1.78
05-07-2025,Twitter,TW4777,Thread,9976,11264,361,50,78,144,21138,1.28
27-06-2025,Facebook,FA8933,Link,12530,15444,700,92,22,149,22853,0.96
15-06-2025,Facebook,FA3939,Image,12952,13509,562,52,45,73,18893,0.54
29-06-2025,Twitter,TW9042,Tweet,9680,10230,493,92,70,295,25216,2.88
08-07-2025,Twitter,TW1841,Tweet,12136,14592,258,36,61,301,19213,2.06
18-06-2025,Instagram,IN3444,Reel,17221,18965,243,83,25,335,30524,1.77
01-06-2025,LinkedIn,LI9561,Post,14232,16577,665,133,48,351,25025,2.12
11-06-2025,Twitter,TW2625,Tweet,11404,12768,335,40,30,172,20847,1.35
28-06-2025,Instagram,IN1043,Reel,14693,17038,552,140,47,66,21792,0.39
22-06-2025,Twitter,TW8438,Thread,9166,10622,673,87,35,267,19880,2.51
18-06-2025,Facebook,FA3441,Link,12352,13434,236,35,31,207,27749,1.54
10-06-2025,Twitter,TW3037,Thread,15679,17424,558,123,44,306,26847,1.76
14-06-2025,LinkedIn,LI2317,Article,17798,18461,655,130,51,359,22102,1.94
22-06-2025,Instagram,IN4750,Reel,19047,21903,500,25,44,345,18659,1.58
07-06-2025,Facebook,FA9502,Image,18674,20985,669,91,33,349,25141,1.66
06-06-2025,LinkedIn,LI8700,Post,13700,15872,370,102,23,132,23403,0.83
25-06-2025,LinkedIn,LI5722,Article,18855,20995,616,29,68,95,23153,0.45
07-06-2025,Twitter,TW2899,Thread,14622,17229,622,20,79,286,24770,1.66
23-06-2025,Instagram,IN9494,Reel,13927,16468,520,133,16,154,22375,0.94
23-06-2025,Facebook,FA8178,Image,19440,21925,262,27,40,131,23091,0.6
09-07-2025,Instagram,IN7684,Image,9527,10947,630,49,69,110,28612,1
17-06-2025,Facebook,FA5781,Image,16337,17956,412,143,70,174,25483,0.97
03-06-2025,Facebook,FA4122,Image,17820,20401,582,54,18,191,30659,0.94
30-06-2025,LinkedIn,LI9318,Article,12377,12887,344,96,72,126,25316,0.98
05-07-2025,LinkedIn,LI6446,Article,17042,19767,393,136,51,146,29427,0.74
08-06-2025,Facebook,FA7274,Link,11826,14008,222,101,70,245,24325,1.75
25-06-2025,Facebook,FA1606,Image,10068,12625,694,104,22,275,19633,2.18
06-06-2025,LinkedIn,LI3361,Post,14717,15849,238,140,43,223,28211,1.41
06-07-2025,LinkedIn,LI6383,Post,19048,21733,394,101,72,327,18588,1.5
19-06-2025,Instagram,IN5708,Reel,11727,12597,422,45,22,277,20725,2.2
10-07-2025,Twitter,TW1753,Tweet,13314,14043,350,111,57,270,20385,1.92
24-06-2025,Facebook,FA7751,Link,17272,18509,287,64,20,362,24267,1.96
07-07-2025,Facebook,FA3344,Image,11804,14192,526,85,68,180,28925,1.27
13-06-2025,Instagram,IN5712,Story,19101,21839,280,38,66,226,27626,1.03
05-06-2025,Twitter,TW5097,Thread,15484,17221,301,118,71,104,21886,0.6
03-06-2025,LinkedIn,LI5847,Article,19456,21165,211,121,45,54,27272,0.26
15-06-2025,Instagram,IN9138,Image,12689,14131,510,110,38,375,21115,2.65
19-06-2025,Twitter,TW2591,Tweet,18280,18941,358,132,14,346,23977,1.83
06-06-2025,Facebook,FA5835,Video,13352,15553,289,71,26,326,23994,2.1
15-06-2025,Twitter,TW5210,Tweet,15894,17602,582,106,24,289,19233,1.64
07-06-2025,Facebook,FA7511,Video,17131,19129,246,121,11,185,26791,0.97
25-06-2025,Instagram,IN7038,Story,19023,20596,499,117,57,105,29056,0.51
18-06-2025,Facebook,FA1410,Image,18150,20949,367,76,18,375,31498,1.79
30-06-2025,LinkedIn,LI7689,Article,9911,10983,223,29,48,302,19902,2.75
24-06-2025,Instagram,IN9807,Reel,10222,12313,432,114,79,264,27622,2.14
11-06-2025,Facebook,FA2622,Image,16017,18188,680,91,14,239,21559,1.31
24-06-2025,LinkedIn,LI4868,Article,13942,14848,551,114,79,380,23876,2.56
23-06-2025,Instagram,IN5520,Story,11109,12109,685,136,21,389,21475,3.21
14-06-2025,Instagram,IN6464,Reel,11990,13005,602,72,18,333,21394,2.56
18-06-2025,Facebook,FA6383,Video,10417,13358,201,90,28,116,26850,0.87
05-06-2025,Twitter,TW2801,Tweet,18830,19435,267,23,55,171,27647,0.88
09-07-2025,Twitter,TW3854,Tweet,12347,13061,264,127,77,108,30216,0.83
11-06-2025,Instagram,IN8344,Story,13931,16533,503,47,67,307,21629,1.86
05-07-2025,Instagram,IN9543,Image,12941,15317,529,27,17,295,31882,1.93
16-06-2025,LinkedIn,LI2768,Article,16032,18348,237,40,51,361,20430,1.97
11-06-2025,Instagram,IN5505,Reel,18228,21125,480,103,58,355,26692,1.68
30-06-2025,Twitter,TW9282,Thread,17919,20181,250,49,80,160,25046,0.79
25-06-2025,LinkedIn,LI7779,Post,13553,15910,404,126,22,210,24992,1.32
18-06-2025,Twitter,TW7132,Thread,10500,12942,234,43,20,97,25075,0.75
06-07-2025,Instagram,IN7105,Image,10131,12909,230,104,25,260,23793,2.01
15-06-2025,LinkedIn,LI5712,Post,17837,19616,380,46,74,158,20535,0.81
21-06-2025,LinkedIn,LI2773,Post,13736,16514,388,49,45,343,21705,2.08
04-06-2025,LinkedIn,LI5381,Post,8474,9712,339,99,53,229,18100,2.36
15-06-2025,Facebook,FA7566,Video,9140,10221,579,27,21,321,21524,3.14
03-06-2025,LinkedIn,LI8432,Article,13585,14729,389,99,51,340,27768,2.31
21-06-2025,Instagram,IN3549,Reel,10579,11282,545,40,44,276,28845,2.45
26-06-2025,LinkedIn,LI8242,Article,14785,16403,310,49,54,270,19816,1.65
18-06-2025,Twitter,TW9633,Thread,18930,20693,223,76,60,356,18897,1.72
05-06-2025,Instagram,IN5938,Reel,11460,12522,591,85,47,217,19965,1.73
14-06-2025,Instagram,IN8055,Story,10878,11907,394,78,74,336,31653,2.82
07-07-2025,Twitter,TW7505,Tweet,8693,10979,209,137,19,210,27433,1.91
21-06-2025,LinkedIn,LI7843,Article,12743,13714,407,25,51,137,31128,1
14-06-2025,LinkedIn,LI2443,Article,15155,16088,324,131,61,318,19288,1.98
02-07-2025,LinkedIn,LI6562,Article,11630,13494,598,63,19,311,28374,2.3
26-06-2025,Instagram,IN9355,Image,11176,13107,379,57,40,102,20399,0.78
30-06-2025,Twitter,TW3842,Tweet,17869,18995,589,39,32,371,26095,1.95
10-06-2025,LinkedIn,LI6295,Article,18276,20070,277,132,18,290,25245,1.44
17-06-2025,Twitter,TW1920,Thread,13766,16344,237,99,69,281,18616,1.72
09-06-2025,Instagram,IN5703,Story,9257,10126,514,149,59,286,27508,2.82
16-06-2025,Instagram,IN4084,Story,13267,16245,443,148,29,81,25381,0.5
06-07-2025,Instagram,IN2381,Story,16266,17472,220,83,66,274,26586,1.57
05-07-2025,Facebook,FA7108,Image,12634,14720,409,106,16,373,28605,2.53
17-06-2025,Twitter,TW6401,Tweet,9548,12333,547,118,46,179,29857,1.45
08-07-2025,Facebook,FA2335,Image,17547,18626,669,109,49,385,29443,2.07
28-06-2025,LinkedIn,LI2388,Post,13072,15861,392,104,26,393,29515,2.48
08-07-2025,Instagram,IN7937,Image,16331,18313,209,112,49,142,21509,0.78
26-06-2025,Twitter,TW4145,Thread,11711,12774,279,39,47,101,26317,0.79
24-06-2025,Instagram,IN6517,Image,18125,19161,505,116,29,133,20962,0.69
15-06-2025,Facebook,FA8170,Link,8715,10897,386,80,66,362,22668,3.32
09-06-2025,LinkedIn,LI9749,Post,11918,13685,694,140,34,238,29113,1.74
03-07-2025,LinkedIn,LI5616,Article,14256,16815,470,127,30,152,31127,0.9
02-07-2025,Facebook,FA1854,Image,18505,20973,647,115,80,102,29655,0.49
06-06-2025,Instagram,IN2374,Story,10626,12243,430,57,65,96,21637,0.78
04-06-2025,LinkedIn,LI1436,Article,14797,15515,402,148,57,170,24326,1.1
08-06-2025,Instagram,IN4678,Story,8461,10266,676,45,52,124,20254,1.21
10-06-2025,Instagram,IN8740,Story,19404,20472,588,140,67,365,18086,1.78
11-06-2025,Instagram,IN5193,Reel,11533,12645,480,128,24,197,21893,1.56
28-06-2025,Twitter,TW1782,Tweet,11906,14125,527,137,18,106,31708,0.75
09-07-2025,LinkedIn,LI9443,Post,17421,18911,567,56,47,269,18025,1.42
05-06-2025,Twitter,TW7825,Tweet,11068,11918,468,112,18,319,26914,2.68
25-06-2025,Instagram,IN8702,Story,8713,10797,391,84,12,232,30919,2.15
25-06-2025,Instagram,IN4950,Story,18765,19689,595,105,27,72,23772,0.37
09-07-2025,Twitter,TW8612,Tweet,19393,21853,523,66,27,82,29731,0.38
30-06-2025,LinkedIn,LI5807,Post,11302,11981,605,71,15,211,23080,1.76
04-07-2025,LinkedIn,LI5150,Article,8599,9881,346,111,16,385,23438,3.9
17-06-2025,Twitter,TW7029,Tweet,15159,17297,580,132,59,223,21060,1.29
06-07-2025,LinkedIn,LI7018,Article,16507,18099,610,41,64,90,25055,0.5
01-06-2025,Facebook,FA5813,Link,13262,14182,240,103,47,206,25305,1.45
08-06-2025,LinkedIn,LI8272,Post,13759,16090,221,110,65,190,28477,1.18
05-07-2025,Instagram,IN7655,Reel,13952,16553,610,60,13,123,31904,0.74
18-06-2025,LinkedIn,LI3068,Post,9101,10567,598,113,56,246,27293,2.33
22-06-2025,Instagram,IN3513,Image,19125,21467,685,114,57,277,30502,1.29
08-06-2025,Instagram,IN3255,Image,16674,18677,403,100,45,177,19858,0.95
19-06-2025,Instagram,IN4048,Image,16176,18796,398,50,43,183,29534,0.97
28-06-2025,LinkedIn,LI5678,Post,19370,21881,302,51,27,87,25406,0.4
11-06-2025,Facebook,FA8292,Link,9438,11247,541,108,18,331,26882,2.94
30-06-2025,Twitter,TW3580,Thread,19662,20875,606,112,75,164,19988,0.79
01-06-2025,Facebook,FA4878,Video,16094,16701,384,114,69,332,20126,1.99
17-06-2025,Instagram,IN6067,Reel,14523,16983,469,125,62,344,19208,2.03
03-07-2025,Facebook,FA2215,Image,15372,17780,548,108,26,332,28482,1.87
12-06-2025,Facebook,FA8088,Video,16238,16964,625,51,76,128,22982,0.75
03-07-2025,Facebook,FA6286,Video,19621,21044,377,92,20,178,21216,0.85
07-06-2025,Twitter,TW5961,Tweet,18066,20751,247,148,31,353,27513,1.7
20-06-2025,Facebook,FA6531,Video,17234,17902,622,27,20,73,28509,0.41
03-07-2025,Twitter,TW7825,Tweet,18127,18751,454,94,48,297,22012,1.58
09-07-2025,LinkedIn,LI8430,Article,9195,9940,280,132,63,297,25609,2.99
13-06-2025,Facebook,FA3353,Image,13121,14928,575,108,61,116,30462,0.78
10-06-2025,Twitter,TW6228,Tweet,11960,14370,262,88,67,176,20308,1.22
24-06-2025,Instagram,IN5754,Reel,14293,16505,327,60,51,345,29814,2.09
11-06-2025,Twitter,TW3610,Tweet,16163,18771,439,147,49,304,18379,1.62
05-07-2025,Instagram,IN9281,Story,15491,16977,310,110,16,75,22609,0.44
04-07-2025,LinkedIn,LI5681,Article,16793,17326,633,47,65,118,22333,0.68
01-06-2025,Twitter,TW6995,Thread,8741,10881,226,69,56,333,22728,3.06
09-07-2025,Instagram,IN9261,Story,15378,18130,343,50,26,99,24453,0.55
21-06-2025,Twitter,TW6990,Thread,10363,11678,508,150,61,306,18659,2.62
02-07-2025,Instagram,IN3245,Reel,19691,21555,611,141,76,283,20440,1.31
02-06-2025,Facebook,FA6218,Image,10662,12771,515,96,53,309,31570,2.42
08-06-2025,LinkedIn,LI8780,Article,8272,10280,369,48,63,348,23040,3.39
24-06-2025,Instagram,IN8775,Image,12350,15219,495,78,16,348,25871,2.29
20-06-2025,Facebook,FA7229,Link,10421,11913,216,48,34,59,25225,0.5
16-06-2025,Twitter,TW3481,Thread,14765,16100,410,148,70,81,29563,0.5
04-06-2025,Facebook,FA4397,Link,17189,19020,539,142,77,242,23140,1.27
16-06-2025,Facebook,FA9734,Image,13608,16345,381,87,71,148,22038,0.91
07-07-2025,Twitter,TW4684,Thread,12876,14559,560,73,72,212,25861,1.46
06-06-2025,Twitter,TW5715,Thread,9996,12844,546,117,60,226,30665,1.76
06-06-2025,Facebook,FA1689,Image,12712,13535,377,133,42,295,21505,2.18
02-07-2025,Facebook,FA5442,Link,17208,18820,270,47,40,174,18831,0.92
05-06-2025,Facebook,FA4814,Link,8860,9770,411,104,70,101,29160,1.03
05-07-2025,Facebook,FA3587,Video,14666,17114,444,71,46,214,22676,1.25
09-06-2025,Instagram,IN4804,Reel,16767,17419,667,64,63,140,18595,0.8
09-06-2025,LinkedIn,LI4052,Article,12742,13395,204,96,23,221,22662,1.65
01-07-2025,LinkedIn,LI3198,Article,16261,18678,339,69,24,219,20662,1.17
06-07-2025,LinkedIn,LI4050,Article,8230,10110,604,95,34,139,28009,1.37
11-06-2025,LinkedIn,LI9442,Article,13372,14227,405,44,33,121,25822,0.85
17-06-2025,Twitter,TW1111,Tweet,12272,14343,320,134,44,218,22947,1.52
04-07-2025,Instagram,IN6890,Story,19350,20817,231,50,69,207,20616,0.99
09-07-2025,LinkedIn,LI2923,Article,18464,20172,388,76,38,118,25834,0.58
28-06-2025,Facebook,FA7121,Image,14813,17562,667,140,78,390,31526,2.22
14-06-2025,Facebook,FA2341,Video,16609,18938,470,112,19,338,19838,1.78
05-07-2025,Instagram,IN9281,Image,11312,14157,474,58,31,217,31999,1.53
13-06-2025,LinkedIn,LI4365,Post,19745,22633,450,43,75,278,31249,1.23
20-06-2025,Instagram,IN3161,Story,16409,18610,433,34,69,394,31220,2.12
26-06-2025,Twitter,TW7487,Tweet,12169,12681,581,75,19,73,24941,0.58
24-06-2025,Twitter,TW9866,Tweet,8987,9769,678,140,14,196,24698,2.01
29-06-2025,Facebook,FA7887,Video,14135,16201,429,116,58,91,29185,0.56
04-07-2025,Facebook,FA6697,Link,9943,11174,475,120,77,115,29925,1.03
29-06-2025,Facebook,FA1372,Video,12888,15284,544,128,78,244,31489,1.6
08-06-2025,Facebook,FA8546,Video,13671,14806,341,68,24,66,31262,0.45
16-06-2025,LinkedIn,LI4943,Post,11376,12151,251,28,67,356,29010,2.93
15-06-2025,Instagram,IN1724,Reel,14590,16887,319,75,17,121,26255,0.72
05-06-2025,Twitter,TW6224,Tweet,17461,20410,595,102,40,204,20347,1
22-06-2025,Facebook,FA5923,Image,12508,13257,485,64,64,334,26120,2.52
02-06-2025,Instagram,IN7244,Story,16592,18397,556,126,62,126,22913,0.68
08-07-2025,LinkedIn,LI9813,Post,15758,17245,634,77,48,123,31201,0.71
06-07-2025,LinkedIn,LI7761,Post,14824,17606,471,54,59,174,22177,0.99
15-06-2025,Facebook,FA2295,Image,15369,17388,247,68,16,187,24179,1.08
08-07-2025,Instagram,IN4082,Reel,17626,20415,311,142,36,220,22967,1.08
15-06-2025,Instagram,IN4113,Reel,9922,12383,668,82,36,253,21921,2.04
01-06-2025,Twitter,TW7236,Thread,15639,18324,532,111,49,183,23892,1
05-06-2025,LinkedIn,LI2615,Article,19836,22259,589,101,36,239,23126,1.07
04-06-2025,LinkedIn,LI4625,Post,10390,10956,333,126,47,128,21214,1.17
15-06-2025,Twitter,TW7223,Tweet,17335,18841,455,106,42,300,29854,1.59
05-06-2025,LinkedIn,LI3756,Article,13770,14963,271,145,33,327,28515,2.19
03-06-2025,Instagram,IN1554,Image,9217,9915,591,21,62,120,31804,1.21
22-06-2025,Facebook,FA3474,Video,8149,9544,458,136,57,80,28122,0.84
05-06-2025,LinkedIn,LI1257,Article,8108,10787,482,125,11,58,26673,0.54
03-07-2025,Twitter,TW1280,Thread,16228,18491,612,65,23,99,26591,0.54
16-06-2025,Facebook,FA4144,Video,18154,20810,329,110,44,253,19294,1.22
18-06-2025,Twitter,TW8520,Thread,17256,18752,556,77,48,400,31566,2.13
02-07-2025,Instagram,IN1519,Image,9531,11691,394,116,80,293,18919,2.51
14-06-2025,Instagram,IN3807,Image,9354,11901,632,131,52,339,19562,2.85
05-07-2025,Instagram,IN4463,Reel,19342,22163,443,89,15,88,29213,0.4
09-06-2025,Twitter,TW3938,Tweet,13152,13716,692,73,28,253,19260,1.84
07-07-2025,Twitter,TW4939,Tweet,17284,19377,546,104,59,121,30951,0.62
07-07-2025,Instagram,IN6666,Image,8879,9779,423,79,19,224,27915,2.29
01-07-2025,LinkedIn,LI1485,Article,18389,20008,601,135,72,166,23829,0.83
16-06-2025,LinkedIn,LI4043,Article,19136,22035,538,117,20,366,22839,1.66
01-07-2025,Facebook,FA2204,Link,9344,10941,278,117,29,249,23188,2.28
27-06-2025,Twitter,TW2499,Tweet,8085,9847,427,112,44,102,20170,1.04
13-06-2025,Instagram,IN8061,Reel,15353,18134,484,124,23,63,19468,0.35
07-06-2025,Twitter,TW6315,Tweet,14311,14861,349,125,59,93,29875,0.63
07-06-2025,Facebook,FA9537,Link,10778,12837,286,55,44,204,22397,1.59
28-06-2025,LinkedIn,LI2036,Post,10739,13019,341,127,48,297,30823,2.28
23-06-2025,Instagram,IN5123,Story,12040,14570,504,70,68,104,20219,0.71
28-06-2025,Twitter,TW7483,Tweet,13443,15499,611,104,66,221,25055,1.43
27-06-2025,Facebook,FA6253,Image,17883,19205,445,100,32,253,23228,1.32
30-06-2025,Twitter,TW4971,Thread,13339,15379,343,120,56,108,27238,0.7
04-06-2025,Facebook,FA9939,Link,10947,13700,213,138,36,274,31069,2
07-06-2025,Twitter,TW7703,Tweet,19026,21571,271,97,40,179,28791,0.83
04-06-2025,Facebook,FA7932,Link,14176,14978,429,142,61,323,26300,2.16
26-06-2025,LinkedIn,LI6890,Post,19495,22194,504,41,23,177,28774,0.8
22-06-2025,Twitter,TW1725,Tweet,17227,19363,695,104,65,104,18172,0.54
07-06-2025,Instagram,IN4637,Story,16366,18990,485,76,67,241,24408,1.27
16-06-2025,LinkedIn,LI6651,Post,8402,10879,253,95,63,93,19901,0.85
13-06-2025,Facebook,FA6110,Image,13620,15985,601,72,76,297,23706,1.86
13-06-2025,LinkedIn,LI8178,Post,19829,22182,363,37,48,72,31274,0.32
05-07-2025,Instagram,IN6620,Reel,18616,19563,546,62,41,314,20858,1.61
29-06-2025,Facebook,FA7985,Image,15570,17019,608,123,33,145,28493,0.85
09-06-2025,LinkedIn,LI1478,Article,18061,19369,430,129,59,52,29546,0.27
28-06-2025,Facebook,FA5560,Video,19530,20286,495,46,78,145,23993,0.71
12-06-2025,Twitter,TW8496,Tweet,9867,11441,543,145,77,377,23134,3.3
18-06-2025,LinkedIn,LI2871,Article,13700,15641,632,137,32,394,29566,2.52
30-06-2025,Twitter,TW3194,Tweet,13131,14113,322,98,24,143,24116,1.01
16-06-2025,Facebook,FA7364,Link,14852,17794,270,118,64,145,25973,0.81
05-06-2025,Facebook,FA3733,Link,16022,17705,271,67,50,280,28148,1.58
29-06-2025,Instagram,IN1157,Story,15939,16998,299,118,74,384,26109,2.26
06-07-2025,LinkedIn,LI7809,Article,19634,21952,450,62,20,339,18505,1.54
07-06-2025,Facebook,FA1535,Image,12503,13923,475,93,31,284,27267,2.04
04-06-2025,LinkedIn,LI2871,Post,12389,15113,621,113,79,71,30451,0.47
05-07-2025,LinkedIn,LI7965,Post,9677,11190,352,28,67,184,23711,1.64
01-06-2025,Instagram,IN2923,Story,11882,13241,615,109,64,134,28095,1.01
06-06-2025,Facebook,FA4390,Video,8972,11807,379,91,78,136,23302,1.15
16-06-2025,Twitter,TW5380,Thread,16428,17318,269,125,17,191,28746,1.1
11-06-2025,Facebook,FA3174,Link,12090,13189,564,102,41,396,24434,3
27-06-2025,LinkedIn,LI5402,Post,18286,20482,392,135,19,374,31018,1.83
02-07-2025,Instagram,IN9447,Story,12558,14569,432,144,51,347,18040,2.38
01-07-2025,Instagram,IN8511,Image,18401,20368,635,36,78,253,21568,1.24
14-06-2025,LinkedIn,LI9105,Post,12399,14221,624,92,53,330,27468,2.32
26-06-2025,Facebook,FA8951,Link,13631,14329,223,45,68,58,20035,0.4
04-06-2025,Facebook,FA8479,Image,8011,10263,303,53,48,131,22489,1.28
11-06-2025,Instagram,IN6905,Image,12102,12939,390,62,16,252,28249,1.95
25-06-2025,Twitter,TW8032,Tweet,18739,19612,560,44,10,159,25812,0.81
01-06-2025,Instagram,IN4705,Reel,16510,18832,204,22,53,111,24919,0.59
25-06-2025,Facebook,FA2160,Image,11751,13820,245,46,23,210,24022,1.52
17-06-2025,Twitter,TW7270,Tweet,10181,11266,235,22,31,275,23753,2.44
30-06-2025,Facebook,FA3480,Link,14745,17057,640,75,21,101,20293,0.59
19-06-2025,Instagram,IN7291,Image,13759,16017,361,55,41,191,28561,1.19
28-06-2025,Instagram,IN5668,Reel,19312,19921,634,97,36,315,27943,1.58
06-07-2025,Facebook,FA7418,Link,12842,13565,601,81,73,247,19847,1.82
02-07-2025,Facebook,FA2163,Image,16655,17204,384,101,26,248,31745,1.44
10-06-2025,LinkedIn,LI9951,Article,19189,20396,590,140,19,58,27623,0.28
13-06-2025,Instagram,IN5295,Reel,11534,12197,672,35,60,309,22693,2.53
19-06-2025,LinkedIn,LI7590,Article,9350,12047,475,59,45,92,23077,0.76
14-06-2025,Instagram,IN4329,Image,10545,13242,367,120,18,208,29447,1.57
04-06-2025,LinkedIn,LI1948,Post,12005,12858,673,131,24,282,28031,2.19
08-07-2025,Instagram,IN3877,Story,9956,10507,562,55,11,133,26133,1.27
05-07-2025,Twitter,TW3735,Thread,14092,15111,583,88,25,65,23488,0.43
04-06-2025,LinkedIn,LI9582,Article,9046,10623,564,39,73,283,26368,2.66
21-06-2025,Twitter,TW9185,Tweet,17287,18470,388,60,42,102,27402,0.55
04-06-2025,Instagram,IN9336,Reel,8042,8722,639,23,41,73,25729,0.84
04-06-2025,Twitter,TW3458,Thread,10932,11576,483,127,38,214,22067,1.85
08-07-2025,LinkedIn,LI5444,Article,9276,12117,390,50,74,394,18862,3.25
01-07-2025,Facebook,FA9450,Video,8752,10894,235,139,46,209,23362,1.92
03-07-2025,Instagram,IN8483,Image,8130,10141,302,94,48,368,21974,3.63
04-07-2025,LinkedIn,LI9083,Article,11201,13939,589,82,29,53,24718,0.38
11-06-2025,Instagram,IN9872,Reel,13675,14214,686,105,10,386,24164,2.72
04-06-2025,Twitter,TW4361,Tweet,16680,18155,414,145,17,122,29659,0.67
03-07-2025,Twitter,TW1719,Tweet,11792,14420,411,115,68,93,27515,0.64
06-06-2025,Instagram,IN3187,Image,18440,20555,238,35,65,389,20141,1.89
12-06-2025,Facebook,FA5276,Image,13161,15270,558,103,50,281,22455,1.84
05-06-2025,Facebook,FA4321,Video,10230,13124,255,59,23,134,25365,1.02
09-07-2025,LinkedIn,LI7660,Article,9978,12673,383,73,67,207,25591,1.63
05-06-2025,Twitter,TW2481,Tweet,10582,12328,623,30,37,217,20430,1.76
16-06-2025,Instagram,IN5066,Image,13828,15951,462,32,48,183,31436,1.15
26-06-2025,Facebook,FA7625,Video,15408,18185,583,83,22,286,19669,1.57
08-06-2025,Facebook,FA1195,Video,9010,10420,266,70,61,240,29244,2.3
07-07-2025,Instagram,IN5240,Image,9228,9817,233,70,66,115,19506,1.17
16-06-2025,Twitter,TW1699,Tweet,15552,16259,286,130,60,304,18483,1.87
08-07-2025,LinkedIn,LI3831,Article,13799,15178,665,67,45,193,25307,1.27
09-07-2025,Facebook,FA5026,Video,18605,20313,455,125,80,295,18999,1.45
03-06-2025,Instagram,IN7275,Story,10248,12465,302,83,79,59,24266,0.47
10-07-2025,Twitter,TW9921,Thread,15940,17849,667,148,51,248,22430,1.39
06-06-2025,Facebook,FA6224,Video,17783,19180,215,91,17,291,26674,1.52
27-06-2025,Twitter,TW3615,Tweet,9640,11155,536,81,44,323,31374,2.9
08-07-2025,Instagram,IN7363,Reel,13813,15024,290,80,50,233,27692,1.55
07-07-2025,Instagram,IN6761,Image,17300,20108,272,68,73,327,23063,1.63
04-07-2025,Facebook,FA1621,Image,9478,10208,319,76,12,319,25831,3.12
21-06-2025,Instagram,IN4300,Story,10137,12032,567,65,51,80,18359,0.66
17-06-2025,Facebook,FA3320,Link,9817,12472,640,113,19,241,29543,1.93
14-06-2025,LinkedIn,LI6514,Post,12944,14765,269,60,65,377,25982,2.55
21-06-2025,Twitter,TW6846,Tweet,11657,14569,617,64,58,207,30025,1.42
16-06-2025,Twitter,TW3911,Tweet,19941,20448,685,120,14,143,27869,0.7
17-06-2025,Twitter,TW2705,Tweet,16129,17205,369,39,40,227,23234,1.32
26-06-2025,Facebook,FA2453,Link,19615,21490,428,22,43,157,22088,0.73
09-06-2025,Instagram,IN5205,Story,9770,10275,224,118,66,264,20725,2.57
20-06-2025,LinkedIn,LI7204,Article,13754,16490,392,45,71,345,28665,2.09
30-06-2025,Facebook,FA8393,Video,9207,9843,350,25,50,183,19715,1.86
21-06-2025,Instagram,IN3787,Story,14151,15310,574,39,80,97,23536,0.63
05-06-2025,LinkedIn,LI8066,Post,18709,19884,510,131,30,77,19659,0.39
01-06-2025,Twitter,TW4112,Tweet,14705,17474,569,87,46,202,21891,1.16
30-06-2025,Instagram,IN7437,Reel,17367,20118,630,145,29,77,23911,0.38
10-07-2025,Instagram,IN2435,Story,12825,15783,445,71,22,63,21390,0.4
07-07-2025,Facebook,FA5781,Link,9342,11781,632,49,49,253,25715,2.15
07-06-2025,LinkedIn,LI2493,Article,18516,21244,398,67,57,245,24052,1.15
05-06-2025,Facebook,FA1731,Image,12313,14614,438,87,38,187,27244,1.28
05-07-2025,Instagram,IN2584,Reel,9404,11312,613,125,39,333,18999,2.94
14-06-2025,LinkedIn,LI9773,Article,19256,21700,493,80,70,203,19293,0.94
03-07-2025,LinkedIn,LI9226,Post,17358,19974,609,57,25,279,20832,1.4
17-06-2025,Facebook,FA4157,Video,10067,10741,416,40,65,153,31476,1.42
09-06-2025,Facebook,FA5225,Link,13238,14012,244,119,60,332,23343,2.37
23-06-2025,Twitter,TW1202,Thread,19475,22381,467,127,24,262,20451,1.17
05-06-2025,Facebook,FA2641,Link,9730,12534,599,45,46,324,23633,2.58
16-06-2025,LinkedIn,LI7275,Article,18728,21216,492,141,14,138,22512,0.65
24-06-2025,LinkedIn,LI7581,Post,8635,10756,655,104,40,75,30218,0.7
19-06-2025,LinkedIn,LI7102,Article,8331,10214,618,97,49,193,31809,1.89
11-06-2025,LinkedIn,LI4734,Post,10201,11931,698,133,51,187,29940,1.57
29-06-2025,LinkedIn,LI4079,Post,15237,16602,667,124,72,314,24126,1.89
05-07-2025,Instagram,IN3604,Image,9075,10849,563,149,61,119,30787,1.1
20-06-2025,Instagram,IN4158,Reel,11288,12024,327,28,68,75,23904,0.62
10-07-2025,Facebook,FA7035,Image,15605,18173,403,51,13,173,24102,0.95
04-07-2025,LinkedIn,LI3909,Article,15775,18678,482,109,54,133,31724,0.71
01-06-2025,Twitter,TW5670,Tweet,8449,10532,225,61,37,163,28606,1.55
06-07-2025,Facebook,FA4387,Link,12408,14585,462,25,11,292,20167,2
20-06-2025,Facebook,FA1138,Link,11666,13199,511,98,45,266,24168,2.02
07-06-2025,Twitter,TW5128,Thread,11575,13986,354,121,23,53,26380,0.38
09-06-2025,Twitter,TW5890,Thread,19213,20155,446,36,53,191,28495,0.95
17-06-2025,Twitter,TW5278,Thread,18749,20472,296,58,76,173,18930,0.85
08-06-2025,LinkedIn,LI3292,Article,19817,20421,535,147,47,182,24857,0.89
07-06-2025,LinkedIn,LI1578,Article,17552,20395,617,68,53,163,29244,0.8
06-07-2025,LinkedIn,LI9311,Article,12918,14114,630,66,47,99,25713,0.7
10-06-2025,Facebook,FA5237,Link,19881,22670,590,66,52,385,19463,1.7
18-06-2025,Facebook,FA4659,Image,13031,15253,603,104,57,183,27593,1.2
19-06-2025,Twitter,TW2929,Thread,15709,16428,643,38,70,149,26199,0.91
09-07-2025,Instagram,IN7253,Image,16680,18402,411,33,29,120,21281,0.65
14-06-2025,Twitter,TW8496,Thread,10346,12141,641,66,20,299,23449,2.46
22-06-2025,Facebook,FA1950,Image,8077,10428,340,73,31,345,30525,3.31
14-06-2025,Facebook,FA2442,Image,10120,12396,524,129,61,269,25821,2.17
17-06-2025,LinkedIn,LI1618,Post,16745,18061,574,115,11,214,30400,1.18
03-07-2025,Facebook,FA1067,Video,18267,19786,315,108,49,116,19682,0.59
02-07-2025,LinkedIn,LI3736,Article,9069,9756,352,94,68,316,27770,3.24
17-06-2025,Twitter,TW3192,Thread,13615,16122,383,68,31,256,18313,1.59
04-06-2025,Facebook,FA3149,Video,11460,12049,501,149,31,113,24006,0.94
06-06-2025,Instagram,IN5190,Story,16761,17460,504,32,23,384,31698,2.2
28-06-2025,Instagram,IN2897,Reel,14828,17147,394,51,80,179,25772,1.04
18-06-2025,Facebook,FA1152,Video,12933,15156,538,45,76,188,28203,1.24
03-06-2025,Facebook,FA2718,Image,16381,17363,344,49,23,304,21254,1.75
01-06-2025,Facebook,FA9571,Image,11304,13270,560,124,47,132,18645,0.99
22-06-2025,LinkedIn,LI8875,Post,13416,14876,201,23,21,106,31684,0.71
09-06-2025,LinkedIn,LI2475,Post,16383,17190,570,45,42,379,21787,2.2
17-06-2025,LinkedIn,LI5327,Article,15606,16311,251,64,15,198,23901,1.21
11-06-2025,Twitter,TW2898,Thread,9556,10243,204,55,31,218,23857,2.13
29-06-2025,LinkedIn,LI2522,Article,14105,16008,293,49,61,254,25479,1.59
06-07-2025,Twitter,TW8835,Thread,14909,16092,257,53,17,131,19699,0.81
28-06-2025,LinkedIn,LI8178,Article,10969,13024,598,111,13,400,31738,3.07
06-07-2025,Facebook,FA8997,Image,9850,12034,425,31,18,183,28731,1.52
01-06-2025,Twitter,TW9598,Tweet,17447,20261,314,106,76,317,29276,1.56
08-06-2025,Instagram,IN5072,Story,15895,17811,539,118,29,335,28041,1.88
05-06-2025,Instagram,IN3571,Reel,16283,18705,636,146,31,88,30311,0.47
10-06-2025,LinkedIn,LI4946,Article,13421,15060,225,149,38,331,28540,2.2
05-07-2025,LinkedIn,LI4850,Article,9291,11671,427,134,21,305,25324,2.61
03-06-2025,Twitter,TW9148,Tweet,18704,19276,252,123,62,68,27128,0.35
24-06-2025,Instagram,IN5990,Reel,16328,19131,305,136,53,236,31521,1.23
08-07-2025,Instagram,IN8445,Reel,13439,16233,592,141,56,281,19868,1.73
06-07-2025,Instagram,IN4633,Image,8035,9933,381,94,80,317,24125,3.19
10-06-2025,Instagram,IN3689,Reel,16067,17142,620,124,23,180,28008,1.05
28-06-2025,Facebook,FA2978,Video,14437,15820,434,68,53,105,30405,0.66
09-06-2025,LinkedIn,LI3018,Post,15381,17754,537,149,27,305,18071,1.72
03-06-2025,Instagram,IN8091,Image,17586,20064,673,150,32,346,20845,1.72
20-06-2025,Facebook,FA7347,Video,18772,21731,510,102,74,246,24859,1.13
24-06-2025,Facebook,FA7518,Image,13617,15321,431,54,27,261,27871,1.7
03-06-2025,Twitter,TW4560,Thread,11291,12649,519,94,54,394,20173,3.11
23-06-2025,Facebook,FA9888,Link,19375,21195,563,49,55,337,25870,1.59
14-06-2025,LinkedIn,LI7920,Article,8209,10850,254,26,58,124,18869,1.14
16-06-2025,Instagram,IN5374,Reel,10636,12309,549,84,28,81,29314,0.66
07-06-2025,Twitter,TW9866,Tweet,8529,10498,616,135,23,365,29067,3.48
23-06-2025,Facebook,FA7371,Link,11892,14484,601,93,16,245,24349,1.69
06-07-2025,LinkedIn,LI1881,Article,8212,9741,303,133,38,374,29544,3.84
27-06-2025,Twitter,TW4170,Tweet,12819,15157,290,39,33,138,30043,0.91
10-07-2025,Instagram,IN1665,Story,15020,16663,484,87,26,132,27568,0.79
10-06-2025,Twitter,TW6415,Tweet,15640,16774,220,59,51,355,18833,2.12
16-06-2025,Twitter,TW6866,Thread,9194,10995,469,76,33,316,19117,2.87
11-06-2025,Facebook,FA9897,Image,16798,18950,247,109,38,159,28868,0.84
12-06-2025,Twitter,TW6911,Thread,12809,14203,686,141,11,108,28959,0.76
27-06-2025,Twitter,TW4937,Thread,18522,20020,690,30,51,245,31045,1.22
02-06-2025,Instagram,IN5203,Story,16851,18509,212,115,75,310,25300,1.67
12-06-2025,LinkedIn,LI5856,Post,18674,19962,364,41,22,135,30670,0.68
22-06-2025,Instagram,IN2072,Image,11453,12826,642,128,23,155,26810,1.21
27-06-2025,LinkedIn,LI3519,Post,8389,10769,567,104,14,94,19200,0.87
16-06-2025,Instagram,IN5127,Reel,17143,17931,494,78,43,258,24357,1.44
18-06-2025,LinkedIn,LI8094,Article,13183,13752,399,50,78,53,28509,0.39
11-06-2025,Instagram,IN1745,Image,19483,20280,383,148,23,198,30892,0.98
07-06-2025,Twitter,TW5612,Tweet,15170,17232,402,27,70,130,26740,0.75
25-06-2025,Facebook,FA7406,Video,16941,18649,691,56,48,396,31025,2.12
03-06-2025,Twitter,TW3316,Tweet,10019,10690,202,120,78,330,19394,3.09
01-07-2025,Twitter,TW6633,Tweet,11469,13659,663,56,30,144,21617,1.05
15-06-2025,Twitter,TW2877,Tweet,10971,13794,636,33,80,286,28562,2.07
13-06-2025,Instagram,IN2103,Story,12107,13009,301,144,52,232,20100,1.78
30-06-2025,Facebook,FA5671,Video,18150,18935,660,69,50,298,25383,1.57
23-06-2025,Twitter,TW3496,Thread,17266,20087,386,100,64,136,18079,0.68
20-06-2025,Twitter,TW4629,Tweet,19668,21954,341,112,27,397,30009,1.81
15-06-2025,Twitter,TW8583,Thread,15296,17265,596,98,72,332,19783,1.92
15-06-2025,Facebook,FA2343,Link,12597,13670,656,70,43,370,19252,2.71
02-06-2025,Instagram,IN9309,Reel,18348,18975,616,123,37,68,27037,0.36
13-06-2025,Twitter,TW3435,Thread,13993,16100,314,94,27,287,26210,1.78
26-06-2025,Instagram,IN6961,Story,16227,16770,539,81,31,313,20299,1.87
22-06-2025,LinkedIn,LI3935,Post,17279,20096,537,57,71,233,18662,1.16
18-06-2025,Facebook,FA4796,Image,9029,10611,389,79,15,392,21387,3.69
05-06-2025,Twitter,TW8695,Thread,15448,16138,220,102,23,316,28380,1.96
18-06-2025,Twitter,TW9918,Thread,17341,18553,392,116,56,350,28704,1.89
23-06-2025,Instagram,IN5121,Image,14165,15577,464,123,55,226,25976,1.45
03-07-2025,LinkedIn,LI9222,Post,10276,12577,284,78,19,313,28542,2.49
26-06-2025,Twitter,TW3461,Tweet,11062,12206,385,50,39,262,31290,2.15
05-07-2025,Twitter,TW8889,Tweet,19062,21523,445,73,30,381,31653,1.77
22-06-2025,LinkedIn,LI4992,Post,8706,9729,493,61,27,372,26399,3.82
02-06-2025,Instagram,IN3406,Image,8916,10097,332,66,76,257,27819,2.55
08-06-2025,Instagram,IN5644,Image,9404,10791,429,140,71,137,21594,1.27
17-06-2025,LinkedIn,LI3979,Post,18210,20802,335,62,53,282,27773,1.36
12-06-2025,Instagram,IN7196,Reel,14315,15356,255,24,35,317,26263,2.06
08-07-2025,LinkedIn,LI2577,Post,10906,13355,661,29,78,307,30327,2.3
17-06-2025,Instagram,IN8901,Reel,18803,19836,661,20,65,317,24892,1.6
03-06-2025,Twitter,TW9680,Tweet,15028,16467,680,143,58,229,27650,1.39
07-06-2025,Instagram,IN3193,Story,12170,14624,592,79,20,195,27802,1.33
09-07-2025,LinkedIn,LI4096,Article,8089,8618,495,50,76,53,24144,0.61
28-06-2025,Facebook,FA6175,Link,14698,16681,254,59,64,383,27590,2.3
23-06-2025,Twitter,TW9783,Thread,14939,17751,387,90,60,154,24770,0.87
21-06-2025,LinkedIn,LI7065,Post,17160,19932,447,84,49,345,23641,1.73
28-06-2025,LinkedIn,LI2951,Post,11764,14093,600,61,22,159,26328,1.13
09-07-2025,LinkedIn,LI1852,Article,10633,12726,693,21,21,124,25727,0.97
03-07-2025,LinkedIn,LI2049,Post,12310,13718,389,40,14,246,24564,1.79
08-06-2025,Twitter,TW3871,Tweet,18490,21014,424,22,35,386,31171,1.84
25-06-2025,Twitter,TW1550,Tweet,17822,20413,464,79,31,395,18590,1.94
07-07-2025,Twitter,TW1004,Tweet,10579,11434,341,122,55,392,24474,3.43
13-06-2025,LinkedIn,LI9482,Post,8251,9032,670,43,80,195,29897,2.16
17-06-2025,Twitter,TW5530,Thread,11707,14690,693,69,68,256,27419,1.74
03-06-2025,Instagram,IN3867,Story,14670,17243,254,38,74,200,23570,1.16
28-06-2025,Instagram,IN5222,Image,16813,19667,328,133,58,338,25923,1.72
01-06-2025,Facebook,FA8517,Image,19167,21554,659,27,71,109,22224,0.51
04-07-2025,Instagram,IN4610,Story,19090,20531,609,100,62,230,26462,1.12
05-07-2025,Instagram,IN5314,Image,12067,13743,247,122,53,88,27085,0.64
13-06-2025,Facebook,FA6142,Image,13792,15187,657,88,33,399,21115,2.63
24-06-2025,LinkedIn,LI4847,Post,11965,13552,305,78,35,177,31702,1.31
28-06-2025,Twitter,TW2747,Tweet,9964,10785,546,146,10,327,18692,3.03
05-06-2025,LinkedIn,LI6167,Article,16066,18919,644,90,72,143,30521,0.76
22-06-2025,Twitter,TW4638,Thread,17448,18473,227,128,71,326,18533,1.76
10-07-2025,Twitter,TW3863,Thread,15490,16483,557,137,50,54,18193,0.33
21-06-2025,Facebook,FA2650,Image,13331,15312,513,86,33,330,22306,2.16
08-06-2025,Facebook,FA8722,Image,18044,19949,387,67,73,267,21449,1.34
20-06-2025,LinkedIn,LI6981,Article,14563,16208,430,66,26,344,29239,2.12
03-07-2025,Facebook,FA5422,Video,11863,14637,421,117,35,124,31107,0.85
20-06-2025,Facebook,FA1159,Image,10893,13119,455,54,76,323,29805,2.46
27-06-2025,Twitter,TW5915,Thread,12111,14913,639,32,60,100,29313,0.67
21-06-2025,Facebook,FA4530,Video,12166,14617,629,44,67,221,22256,1.51
26-06-2025,Twitter,TW5222,Thread,13638,14219,410,51,54,397,27921,2.79
19-06-2025,Facebook,FA9821,Link,10859,12524,381,103,75,299,30693,2.39
06-07-2025,LinkedIn,LI7243,Post,18054,19727,437,57,31,377,31233,1.91
09-06-2025,Twitter,TW7631,Thread,9168,9992,282,107,39,210,23191,2.1
13-06-2025,Twitter,TW7479,Thread,12444,14766,599,112,76,280,24782,1.9
27-06-2025,Facebook,FA1378,Video,10048,11509,538,84,20,157,20734,1.36
25-06-2025,LinkedIn,LI2565,Post,9045,11483,480,33,13,253,26584,2.2
12-06-2025,Instagram,IN5300,Reel,18126,19262,243,119,49,167,22053,0.87
10-07-2025,Twitter,TW3071,Thread,10150,12807,629,63,13,67,28871,0.52
07-07-2025,Twitter,TW8801,Thread,15654,18368,678,89,80,277,20213,1.51
20-06-2025,Facebook,FA8480,Link,18339,21149,422,99,54,296,26841,1.4
26-06-2025,Facebook,FA8239,Video,13044,15042,411,86,29,205,18172,1.36
06-07-2025,Instagram,IN3233,Image,13634,15308,440,22,72,294,22908,1.92
01-06-2025,Instagram,IN5799,Story,17781,19228,607,21,80,241,21089,1.25
20-06-2025,LinkedIn,LI7467,Article,12094,13262,566,119,58,162,22308,1.22
19-06-2025,Instagram,IN4924,Story,16464,18077,345,88,62,146,31983,0.81
14-06-2025,Instagram,IN3238,Reel,12744,13696,526,136,67,189,29476,1.38
28-06-2025,LinkedIn,LI6253,Post,8317,9440,225,25,33,102,22622,1.08
08-07-2025,Twitter,TW8183,Tweet,19912,20445,319,43,29,57,26086,0.28
09-07-2025,Facebook,FA7885,Image,13104,15645,390,138,14,219,19314,1.4
21-06-2025,Facebook,FA5366,Video,14429,15221,478,140,33,148,31787,0.97
30-06-2025,Twitter,TW1206,Thread,9998,11517,397,133,41,67,21263,0.58
29-06-2025,LinkedIn,LI9538,Post,18911,20264,442,119,49,215,20598,1.06
29-06-2025,Instagram,IN9534,Image,10001,11538,446,96,35,234,18853,2.03
14-06-2025,Facebook,FA4866,Video,18369,20647,366,23,31,191,27579,0.93
03-07-2025,Instagram,IN4982,Story,8146,8818,497,141,29,240,30628,2.72
01-07-2025,Instagram,IN3583,Reel,16190,17064,551,106,17,80,23824,0.47
11-06-2025,Facebook,FA9787,Link,9759,10774,449,79,50,335,30919,3.11
06-06-2025,Twitter,TW4161,Thread,8349,10396,383,54,42,70,25951,0.67
19-06-2025,LinkedIn,LI9892,Article,19420,21927,297,67,79,228,23303,1.04
03-07-2025,LinkedIn,LI3627,Article,9128,11803,279,135,47,184,26873,1.56
10-07-2025,Twitter,TW1011,Thread,18453,21025,394,67,12,367,23965,1.75
22-06-2025,Facebook,FA2037,Image,18785,21492,619,119,34,318,29193,1.48
06-06-2025,LinkedIn,LI5638,Post,13285,15463,528,102,24,99,26572,0.64
16-06-2025,Instagram,IN3126,Reel,10926,11554,303,47,72,148,19617,1.28
20-06-2025,Instagram,IN7366,Image,18779,21285,469,85,16,237,21616,1.11
15-06-2025,Instagram,IN4419,Reel,18743,21255,675,40,69,377,18994,1.77
13-06-2025,Twitter,TW7046,Thread,19606,20344,621,88,77,70,30030,0.34
10-06-2025,Instagram,IN2276,Story,11537,14164,249,45,39,322,24313,2.27
02-06-2025,Facebook,FA9621,Video,18762,20280,491,65,63,104,30554,0.51
03-06-2025,Twitter,TW7997,Thread,9705,10888,605,66,80,255,26268,2.34
16-06-2025,Twitter,TW9747,Tweet,17829,20143,677,110,50,331,23319,1.64
01-07-2025,Twitter,TW8054,Thread,19892,21716,511,81,79,159,24145,0.73
10-07-2025,Twitter,TW8412,Thread,15331,17457,200,28,46,355,18267,2.03
05-06-2025,Facebook,FA1107,Image,12920,14328,309,100,12,191,27071,1.33
30-06-2025,Facebook,FA1618,Video,15542,17498,279,55,43,237,27538,1.35
27-06-2025,Facebook,FA5198,Video,12920,13796,492,122,37,89,29855,0.65
07-07-2025,Twitter,TW3832,Thread,15999,18859,619,44,48,69,29973,0.37
13-06-2025,LinkedIn,LI1916,Post,13478,15403,650,131,63,111,30622,0.72
25-06-2025,Facebook,FA1187,Link,18385,20451,227,98,77,71,23231,0.35
02-07-2025,Facebook,FA9231,Image,19432,20836,278,32,60,278,30334,1.33
26-06-2025,Instagram,IN8076,Reel,12747,14862,275,53,53,92,25796,0.62
16-06-2025,Instagram,IN7540,Image,12301,13149,404,148,65,116,30485,0.88
10-06-2025,Facebook,FA4245,Image,15993,18112,533,70,77,176,21970,0.97
01-06-2025,Instagram,IN8046,Story,13298,16157,245,48,62,266,23984,1.65
07-06-2025,Twitter,TW6254,Tweet,13644,16576,535,26,49,136,23729,0.82
28-06-2025,LinkedIn,LI8216,Post,8735,10191,302,115,29,93,19841,0.91
15-06-2025,Instagram,IN3419,Reel,12713,13269,375,48,49,280,25719,2.11
12-06-2025,Instagram,IN4424,Story,16814,18181,304,86,80,297,28207,1.63
04-07-2025,Facebook,FA1301,Link,14170,17057,663,31,42,137,18984,0.8
30-06-2025,Twitter,TW5444,Tweet,8869,11273,535,22,18,248,28819,2.2
04-06-2025,Twitter,TW2767,Thread,8312,10010,644,118,39,244,26331,2.44
06-07-2025,Instagram,IN8940,Story,17782,20459,245,67,35,306,25503,1.5
16-06-2025,Instagram,IN5053,Reel,16673,18421,370,145,60,130,18301,0.71
08-06-2025,Twitter,TW6822,Thread,18243,19981,320,148,45,81,28252,0.41
30-06-2025,Twitter,TW1482,Thread,17092,18739,315,58,53,251,28763,1.34
09-06-2025,Facebook,FA7262,Video,16531,17962,413,81,29,268,23118,1.49
30-06-2025,Twitter,TW9883,Thread,10158,11504,534,55,79,400,31108,3.48
04-07-2025,Facebook,FA6062,Video,19280,21925,665,54,65,124,28751,0.57
06-07-2025,Facebook,FA2111,Image,17131,19814,685,50,33,212,31754,1.07
09-07-2025,Facebook,FA1483,Link,13221,15416,692,125,48,276,30216,1.79
21-06-2025,Twitter,TW4079,Tweet,9749,10787,294,26,44,360,27290,3.34
29-06-2025,Facebook,FA4804,Link,11783,12389,383,40,71,118,26230,0.95
10-07-2025,LinkedIn,LI4014,Article,14348,16860,442,55,30,148,21707,0.88
03-07-2025,Instagram,IN1245,Story,12421,14612,313,71,36,83,20901,0.57
28-06-2025,LinkedIn,LI6323,Article,15496,17006,418,123,15,361,30047,2.12
06-07-2025,LinkedIn,LI7457,Article,18018,20860,504,29,76,105,25399,0.5
29-06-2025,LinkedIn,LI5025,Post,16498,19201,402,30,59,314,30536,1.64
11-06-2025,Instagram,IN5770,Reel,15201,17331,652,97,46,286,20727,1.65
01-07-2025,LinkedIn,LI1893,Article,19304,21921,662,56,69,380,25400,1.73
29-06-2025,Instagram,IN9202,Image,9854,11090,598,54,60,261,23299,2.35
17-06-2025,LinkedIn,LI3930,Post,15433,18350,659,71,68,96,22097,0.52
